{"mean":[163.7109832763672,40.99315643310547,29.479936599731445,1.716491937637329,2372.025390625,80.95831298828125,82.61910247802734,82.47171020507812,38.28026580810547,4.59722900390625,7421.54443359375,13151932],"variance":[15137.7666015625,23197.453125,12429.4130859375,24.99241828918457,126858104,508.16094970703125,542.4850463867188,549.126708984375,395.5867004394531,15.378379821777344,164163200,3180792649875456],"weights":[69.2472152709961,-3.248626708984375,-8.980338096618652,8.350895881652832,-2.455385684967041,-0.23436717689037323,-0.4225139319896698,1.0107837915420532,1.4433470964431763,1.8144830465316772,1.4021992683410645,1.4268052577972412,0.21182379126548767]}